{
  "hist_last_ts": "2025-07-27 22:00:00-04:00",
  "hist_hourly_mean_last_2w": 139.08035714285714,
  "pred_hourly_mean": 12.092343937853972,
  "pred_daily_mean": 290.21625450849535
}